ProductCode,Title,Description,Dimensions
P1032,Product 32,POIipoi,24X46
P1033,Product 33,POIipoi,24X47
P1034,Product 34,POIipoi,24X48
P1035,Product 35,POIipoi,24X49
P1036,Product 36,POIipoi,24X50
P1037,Product 37,POIipoi,24X51
P1038,Product 38,POIipoi,24X52
P1039,Product 39,POIipoi,24X53
P1040,Product 40,POIipoi,24X54
P1041,Product 41,POIipoi,24X55
P1042,Product 42,POIipoi,24X56
P1043,Product 43,POIipoi,24X57
P1044,Product 44,POIipoi,24X58
P1045,Product 45,POIipoi,24X59
P1046,Product 46,POIipoi,24X60
P1047,Product 47,POIipoi,24X61
